username,status,reason
vzt,taken,api_200
vzu,taken,api_200
vzv,taken,api_200
vzw,taken,api_200
vzx,taken,api_200
vzy,taken,api_200
vzz,available,api_404
w-0,taken,api_200
w-1,taken,api_200
w-2,taken,api_200
w-3,taken,api_200
w-4,taken,api_200
w-5,available,api_404
w-6,taken,api_200
w-7,taken,api_200
w-8,taken,api_200
w-9,taken,api_200
w-a,taken,api_200
w-b,taken,api_200
w-c,taken,api_200
w-d,taken,api_200
w-e,taken,api_200
w-f,taken,api_200
w-g,taken,api_200
w-h,taken,api_200
w-i,taken,api_200
w-j,taken,api_200
w-k,taken,api_200
w-l,taken,api_200
w-m,taken,api_200
w-n,taken,api_200
w-o,taken,api_200
w-p,taken,api_200
w-q,taken,api_200
w-r,taken,api_200
w-s,taken,api_200
w-t,taken,api_200
w-u,taken,api_200
w-v,taken,api_200
w-w,taken,api_200
w-x,taken,api_200
w-y,taken,api_200
w-z,taken,api_200
w00,taken,api_200
w01,taken,api_200
w02,taken,api_200
w03,taken,api_200
w04,taken,api_200
w05,taken,api_200
w06,taken,api_200
w07,taken,api_200
w08,taken,api_200
w09,taken,api_200
w0a,available,api_404
w0b,taken,api_200
w0c,taken,api_200
w0d,available,api_404
w0e,taken,api_200
w0f,taken,api_200
w0g,taken,api_200
w0h,taken,api_200
w0i,available,api_404
w0j,taken,api_200
w0k,taken,api_200
w0l,taken,api_200
w0m,taken,api_200
w0n,taken,api_200
w0o,taken,api_200
w0p,available,api_404
w0q,taken,api_200
w0r,taken,api_200
w0s,taken,api_200
w0t,taken,api_200
w0u,taken,api_200
w0v,taken,api_200
w0w,taken,api_200
w0x,taken,api_200
w0y,taken,api_200
w0z,taken,api_200
w10,taken,api_200
w11,taken,api_200
w12,taken,api_200
w13,taken,api_200
w14,taken,api_200
w15,taken,api_200
w16,taken,api_200
w17,taken,api_200
w18,taken,api_200
w19,taken,api_200
w1a,taken,api_200
w1b,taken,api_200
w1c,taken,api_200
w1d,taken,api_200
w1e,taken,api_200
w1f,taken,api_200
w1g,taken,api_200
w1h,taken,api_200
w1i,available,api_404
w1j,taken,api_200
w1k,taken,api_200
w1l,taken,api_200
w1m,taken,api_200
w1n,taken,api_200
w1o,taken,api_200
w1p,taken,api_200
w1q,taken,api_200
w1r,taken,api_200
w1s,taken,api_200
w1t,taken,api_200
w1u,available,api_404
w1v,taken,api_200
w1w,taken,api_200
w1x,taken,api_200
w1y,taken,api_200
w1z,taken,api_200
w20,taken,api_200
w21,taken,api_200
w22,taken,api_200
w23,taken,api_200
w24,taken,api_200
w25,taken,api_200
w26,taken,api_200
w27,taken,api_200
w28,taken,api_200
w29,taken,api_200
w2a,taken,api_200
w2b,taken,api_200
w2c,taken,api_200
w2d,taken,api_200
w2e,taken,api_200
w2f,taken,api_200
w2g,taken,api_200
w2h,taken,api_200
w2i,taken,api_200
w2j,taken,api_200
w2k,taken,api_200
w2l,taken,api_200
w2m,taken,api_200
w2n,taken,api_200
w2o,taken,api_200
w2p,taken,api_200
w2q,taken,api_200
w2r,taken,api_200
w2s,taken,api_200
w2t,taken,api_200
w2u,taken,api_200
w2v,taken,api_200
w2w,taken,api_200
w2x,taken,api_200
w2y,available,api_404
w2z,taken,api_200
w30,available,api_404
w31,taken,api_200
w32,taken,api_200
w33,taken,api_200
w34,taken,api_200
w35,taken,api_200
w36,taken,api_200
w37,taken,api_200
w38,taken,api_200
w39,available,api_404
w3a,taken,api_200
w3b,taken,api_200
w3c,taken,api_200
w3d,taken,api_200
w3e,taken,api_200
w3f,taken,api_200
w3g,taken,api_200
w3h,taken,api_200
w3i,taken,api_200
w3j,taken,api_200
w3k,taken,api_200
w3l,taken,api_200
w3m,taken,api_200
w3n,taken,api_200
w3o,taken,api_200
w3p,taken,api_200
w3q,taken,api_200
w3r,taken,api_200
w3s,taken,api_200
w3t,taken,api_200
w3u,taken,api_200
w3v,taken,api_200
w3w,taken,api_200
w3x,taken,api_200
w3y,taken,api_200
w3z,taken,api_200
w40,taken,api_200
w41,taken,api_200
w42,taken,api_200
w43,taken,api_200
w44,taken,api_200
w45,taken,api_200
w46,taken,api_200
w47,taken,api_200
w48,taken,api_200
w49,taken,api_200
w4a,taken,api_200
w4b,taken,api_200
w4c,taken,api_200
w4d,taken,api_200
w4e,taken,api_200
w4f,taken,api_200
w4g,taken,api_200
w4h,taken,api_200
w4i,taken,api_200
w4j,taken,api_200
w4k,taken,api_200
w4l,taken,api_200
w4m,taken,api_200
w4n,taken,api_200
w4o,taken,api_200
w4p,taken,api_200
w4q,taken,api_200
w4r,taken,api_200
w4s,taken,api_200
w4t,taken,api_200
w4u,taken,api_200
w4v,taken,api_200
w4w,taken,api_200
w4x,taken,api_200
w4y,taken,api_200
w4z,taken,api_200
w50,taken,api_200
w51,taken,api_200
w52,taken,api_200
w53,available,api_404
w54,taken,api_200
w55,taken,api_200
w56,taken,api_200
w57,taken,api_200
w58,taken,api_200
w59,taken,api_200
w5a,taken,api_200
w5b,taken,api_200
w5c,taken,api_200
w5d,taken,api_200
w5e,taken,api_200
w5f,taken,api_200
w5g,available,api_404
w5h,taken,api_200
w5i,taken,api_200
w5j,taken,api_200
w5k,taken,api_200
w5l,taken,api_200
w5m,taken,api_200
w5n,taken,api_200
w5o,available,api_404
w5p,available,api_404
w5q,taken,api_200
w5r,taken,api_200
w5s,taken,api_200
w5t,taken,api_200
w5u,taken,api_200
w5v,taken,api_200
w5w,available,api_404
w5x,taken,api_200
w5y,taken,api_200
w5z,taken,api_200
w60,taken,api_200
w61,taken,api_200
w62,taken,api_200
w63,taken,api_200
w64,taken,api_200
w65,taken,api_200
w66,taken,api_200
w67,taken,api_200
w68,taken,api_200
w69,taken,api_200
w6a,available,api_404
w6b,available,api_404
w6c,taken,api_200
w6d,taken,api_200
w6e,taken,api_200
w6f,taken,api_200
w6g,taken,api_200
w6h,taken,api_200
w6i,available,api_404
w6j,taken,api_200
w6k,available,api_404
w6l,taken,api_200
w6m,taken,api_200
w6n,taken,api_200
w6o,available,api_404
w6p,taken,api_200
w6q,taken,api_200
w6r,taken,api_200
w6s,available,api_404
w6t,taken,api_200
w6u,taken,api_200
w6v,available,api_404
w6w,taken,api_200
w6x,taken,api_200
w6y,taken,api_200
w6z,taken,api_200
w70,taken,api_200
w71,taken,api_200
w72,available,api_404
w73,taken,api_200
w74,taken,api_200
w75,taken,api_200
w76,available,api_404
w77,taken,api_200
w78,taken,api_200
w79,taken,api_200
w7a,taken,api_200
w7b,taken,api_200
w7c,taken,api_200
w7d,taken,api_200
w7e,taken,api_200
w7f,taken,api_200
w7g,taken,api_200
w7h,taken,api_200
w7i,taken,api_200
w7j,taken,api_200
w7k,taken,api_200
w7l,taken,api_200
w7m,taken,api_200
w7n,taken,api_200
w7o,taken,api_200
w7p,available,api_404
w7q,taken,api_200
w7r,taken,api_200
w7s,taken,api_200
w7t,taken,api_200
w7u,taken,api_200
w7v,available,api_404
w7w,taken,api_200
w7x,taken,api_200
w7y,taken,api_200
w7z,taken,api_200
w80,taken,api_200
w81,taken,api_200
w82,taken,api_200
w83,taken,api_200
w84,taken,api_200
w85,taken,api_200
w86,taken,api_200
w87,taken,api_200
w88,taken,api_200
w89,taken,api_200
w8a,taken,api_200
w8b,taken,api_200
w8c,taken,api_200
w8d,taken,api_200
w8e,available,api_404
w8f,taken,api_200
w8g,taken,api_200
w8h,taken,api_200
w8i,taken,api_200
w8j,available,api_404
w8k,taken,api_200
w8l,available,api_404
w8m,taken,api_200
w8n,taken,api_200
w8o,available,api_404
w8p,taken,api_200
w8q,taken,api_200
w8r,taken,api_200
w8s,taken,api_200
w8t,taken,api_200
w8u,taken,api_200
w8v,taken,api_200
w8w,taken,api_200
w8x,taken,api_200
w8y,taken,api_200
w8z,taken,api_200
w90,taken,api_200
w91,taken,api_200
w92,taken,api_200
w93,taken,api_200
w94,taken,api_200
w95,taken,api_200
w96,taken,api_200
w97,taken,api_200
w98,taken,api_200
w99,taken,api_200
w9a,taken,api_200
w9b,taken,api_200
w9c,available,api_404
w9d,taken,api_200
w9e,taken,api_200
w9f,taken,api_200
w9g,taken,api_200
w9h,taken,api_200
w9i,taken,api_200
w9j,taken,api_200
w9k,taken,api_200
w9l,taken,api_200
w9m,taken,api_200
w9n,taken,api_200
w9o,taken,api_200
w9p,available,api_404
w9q,available,api_404
w9r,available,api_404
w9s,taken,api_200
w9t,taken,api_200
w9u,taken,api_200
w9v,taken,api_200
w9w,taken,api_200
w9x,taken,api_200
w9y,taken,api_200
w9z,taken,api_200
wa0,taken,api_200
wa1,taken,api_200
wa2,taken,api_200
wa3,taken,api_200
wa4,taken,api_200
wa5,taken,api_200
wa6,taken,api_200
wa7,taken,api_200
wa8,taken,api_200
wa9,taken,api_200
waa,taken,api_200
wab,taken,api_200
wac,taken,api_200
wad,taken,api_200
wae,taken,api_200
waf,taken,api_200
wag,taken,api_200
wah,taken,api_200
wai,taken,api_200
waj,taken,api_200
wak,taken,api_200
wal,taken,api_200
wam,taken,api_200
wan,taken,api_200
wao,taken,api_200
wap,taken,api_200
waq,taken,api_200
war,taken,api_200
was,taken,api_200
wat,taken,api_200
wau,taken,api_200
wav,taken,api_200
waw,taken,api_200
wax,available,api_404
way,taken,api_200
waz,taken,api_200
wb0,taken,api_200
wb1,taken,api_200
wb2,taken,api_200
wb3,taken,api_200
wb4,taken,api_200
wb5,taken,api_200
wb6,taken,api_200
wb7,taken,api_200
wb8,taken,api_200
wb9,taken,api_200
wba,taken,api_200
wbb,available,api_404
wbc,taken,api_200
wbd,taken,api_200
wbe,taken,api_200
wbf,taken,api_200
wbg,taken,api_200
wbh,taken,api_200
wbi,taken,api_200
wbj,taken,api_200
wbk,taken,api_200
wbl,taken,api_200
wbm,taken,api_200
wbn,taken,api_200
wbo,taken,api_200
wbp,taken,api_200
wbq,taken,api_200
wbr,taken,api_200
wbs,taken,api_200
wbt,taken,api_200
wbu,taken,api_200
wbv,taken,api_200
wbw,taken,api_200
wbx,taken,api_200
wby,taken,api_200
wbz,taken,api_200
wc0,taken,api_200
wc1,taken,api_200
wc2,taken,api_200
wc3,taken,api_200
wc4,taken,api_200
wc5,taken,api_200
wc6,taken,api_200
wc7,taken,api_200
wc8,taken,api_200
wc9,taken,api_200
wca,taken,api_200
wcb,taken,api_200
wcc,taken,api_200
wcd,taken,api_200
wce,taken,api_200
wcf,taken,api_200
wcg,taken,api_200
wch,taken,api_200
wci,taken,api_200
wcj,taken,api_200
wck,taken,api_200
wcl,taken,api_200
wcm,taken,api_200
wcn,taken,api_200
wco,taken,api_200
wcp,taken,api_200
wcq,taken,api_200
wcr,taken,api_200
wcs,taken,api_200
wct,taken,api_200
wcu,taken,api_200
wcv,taken,api_200
wcw,taken,api_200
wcx,taken,api_200
wcy,taken,api_200
wcz,taken,api_200
wd0,taken,api_200
wd1,taken,api_200
wd2,taken,api_200
wd3,taken,api_200
wd4,taken,api_200
wd5,taken,api_200
wd6,taken,api_200
wd7,taken,api_200
wd8,taken,api_200
wd9,taken,api_200
wda,taken,api_200
wdb,taken,api_200
wdc,taken,api_200
wdd,taken,api_200
wde,taken,api_200
wdf,taken,api_200
wdg,taken,api_200
wdh,taken,api_200
wdi,taken,api_200
wdj,taken,api_200
wdk,taken,api_200
wdl,taken,api_200
wdm,taken,api_200
wdn,taken,api_200
wdo,taken,api_200
wdp,taken,api_200
wdq,taken,api_200
wdr,taken,api_200
wds,taken,api_200
wdt,taken,api_200
wdu,taken,api_200
wdv,taken,api_200
wdw,taken,api_200
wdx,taken,api_200
wdy,taken,api_200
wdz,taken,api_200
we0,available,api_404
we1,taken,api_200
we2,taken,api_200
we3,taken,api_200
we4,taken,api_200
we5,taken,api_200
we6,taken,api_200
we7,taken,api_200
we8,taken,api_200
we9,taken,api_200
wea,taken,api_200
web,taken,api_200
wec,taken,api_200
wed,available,api_404
wee,taken,api_200
wef,available,api_404
weg,taken,api_200
weh,taken,api_200
wei,taken,api_200
wej,taken,api_200
wek,available,api_404
wel,taken,api_200
wem,taken,api_200
wen,taken,api_200
weo,taken,api_200
wep,taken,api_200
weq,taken,api_200
wer,taken,api_200
wes,taken,api_200
wet,taken,api_200
weu,available,api_404
wev,available,api_404
wew,taken,api_200
wex,taken,api_200
wey,taken,api_200
wez,taken,api_200
wf0,taken,api_200
wf1,taken,api_200
wf2,taken,api_200
wf3,available,api_404
wf4,taken,api_200
wf5,taken,api_200
wf6,taken,api_200
wf7,taken,api_200
wf8,taken,api_200
wf9,taken,api_200
wfa,taken,api_200
wfb,taken,api_200
wfc,taken,api_200
wfd,taken,api_200
wfe,taken,api_200
wff,taken,api_200
wfg,taken,api_200
wfh,taken,api_200
wfi,taken,api_200
wfj,taken,api_200
wfk,taken,api_200
wfl,taken,api_200
wfm,taken,api_200
wfn,taken,api_200
wfo,taken,api_200
wfp,taken,api_200
wfq,taken,api_200
wfr,taken,api_200
wfs,taken,api_200
wft,taken,api_200
wfu,taken,api_200
wfv,taken,api_200
wfw,taken,api_200
wfx,taken,api_200
wfy,taken,api_200
wfz,taken,api_200
wg0,taken,api_200
wg1,taken,api_200
wg2,taken,api_200
wg3,taken,api_200
wg4,taken,api_200
wg5,taken,api_200
wg6,taken,api_200
wg7,taken,api_200
wg8,taken,api_200
wg9,taken,api_200
wga,taken,api_200
wgb,taken,api_200
wgc,taken,api_200
wgd,taken,api_200
wge,taken,api_200
wgf,taken,api_200
wgg,taken,api_200
wgh,taken,api_200
wgi,taken,api_200
wgj,taken,api_200
wgk,taken,api_200
wgl,taken,api_200
wgm,taken,api_200
wgn,taken,api_200
wgo,taken,api_200
wgp,taken,api_200
wgq,taken,api_200
wgr,taken,api_200
wgs,taken,api_200
wgt,taken,api_200
wgu,taken,api_200
wgv,taken,api_200
wgw,taken,api_200
wgx,taken,api_200
wgy,taken,api_200
wgz,taken,api_200
wh0,taken,api_200
wh1,taken,api_200
wh2,taken,api_200
wh3,taken,api_200
wh4,taken,api_200
wh5,taken,api_200
wh6,taken,api_200
wh7,taken,api_200
wh8,taken,api_200
wh9,taken,api_200
wha,taken,api_200
whb,taken,api_200
whc,taken,api_200
whd,taken,api_200
whe,taken,api_200
whf,taken,api_200
whg,taken,api_200
whh,taken,api_200
whi,taken,api_200
whj,taken,api_200
whk,taken,api_200
whl,taken,api_200
whm,taken,api_200
whn,taken,api_200
who,taken,api_200
whp,taken,api_200
whq,taken,api_200
whr,taken,api_200
whs,taken,api_200
wht,taken,api_200
whu,taken,api_200
whv,taken,api_200
whw,taken,api_200
whx,taken,api_200
why,taken,api_200
whz,taken,api_200
wi0,taken,api_200
wi1,taken,api_200
wi2,taken,api_200
wi3,taken,api_200
wi4,taken,api_200
wi5,taken,api_200
wi6,taken,api_200
wi7,taken,api_200
wi8,taken,api_200
wi9,taken,api_200
wia,taken,api_200
wib,taken,api_200
wic,taken,api_200
wid,taken,api_200
wie,taken,api_200
wif,taken,api_200
wig,taken,api_200
wih,taken,api_200
wii,taken,api_200
wij,taken,api_200
wik,taken,api_200
wil,taken,api_200
wim,taken,api_200
win,taken,api_200
wio,taken,api_200
wip,taken,api_200
wiq,available,api_404
wir,taken,api_200
wis,taken,api_200
wit,taken,api_200
wiu,taken,api_200
wiv,taken,api_200
wiw,taken,api_200
wix,taken,api_200
wiy,taken,api_200
wiz,taken,api_200
wj0,taken,api_200
wj1,taken,api_200
wj2,taken,api_200
wj3,taken,api_200
wj4,taken,api_200
wj5,taken,api_200
wj6,taken,api_200
wj7,taken,api_200
wj8,taken,api_200
wj9,taken,api_200
wja,taken,api_200
wjb,taken,api_200
wjc,taken,api_200
wjd,taken,api_200
wje,taken,api_200
wjf,taken,api_200
wjg,taken,api_200
wjh,taken,api_200
wji,taken,api_200
wjj,taken,api_200
wjk,taken,api_200
wjl,taken,api_200
wjm,taken,api_200
wjn,taken,api_200
wjo,taken,api_200
wjp,taken,api_200
wjq,taken,api_200
wjr,taken,api_200
wjs,taken,api_200
wjt,taken,api_200
wju,taken,api_200
wjv,taken,api_200
wjw,taken,api_200
wjx,taken,api_200
wjy,taken,api_200
wjz,taken,api_200
wk0,taken,api_200
wk1,taken,api_200
wk2,taken,api_200
wk3,taken,api_200
wk4,taken,api_200
wk5,taken,api_200
wk6,taken,api_200
wk7,taken,api_200
wk8,taken,api_200
wk9,taken,api_200
wka,taken,api_200
wkb,taken,api_200
wkc,taken,api_200
wkd,taken,api_200
wke,taken,api_200
wkf,taken,api_200
wkg,available,api_404
wkh,taken,api_200
wki,taken,api_200
wkj,taken,api_200
wkk,taken,api_200
wkl,taken,api_200
wkm,taken,api_200
wkn,taken,api_200
wko,taken,api_200
wkp,taken,api_200
wkq,taken,api_200
wkr,taken,api_200
wks,taken,api_200
wkt,taken,api_200
wku,taken,api_200
wkv,taken,api_200
wkw,taken,api_200
wkx,taken,api_200
wky,taken,api_200
wkz,taken,api_200
wl0,taken,api_200
wl1,taken,api_200
wl2,taken,api_200
wl3,taken,api_200
wl4,taken,api_200
wl5,taken,api_200
wl6,taken,api_200
wl7,taken,api_200
wl8,taken,api_200
wl9,taken,api_200
wla,taken,api_200
wlb,taken,api_200
wlc,taken,api_200
wld,taken,api_200
wle,taken,api_200
wlf,taken,api_200
wlg,taken,api_200
wlh,taken,api_200
wli,taken,api_200
wlj,taken,api_200
wlk,taken,api_200
wll,taken,api_200
wlm,taken,api_200
wln,taken,api_200
wlo,taken,api_200
wlp,taken,api_200
wlq,taken,api_200
wlr,taken,api_200
wls,taken,api_200
wlt,taken,api_200
wlu,taken,api_200
wlv,taken,api_200
wlw,taken,api_200
wlx,taken,api_200
wly,taken,api_200
wlz,taken,api_200
wm0,taken,api_200
wm1,taken,api_200
wm2,taken,api_200
wm3,taken,api_200
wm4,taken,api_200
wm5,taken,api_200
wm6,taken,api_200
wm7,taken,api_200
wm8,taken,api_200
wm9,taken,api_200
wma,taken,api_200
wmb,taken,api_200
wmc,taken,api_200
wmd,taken,api_200
wme,taken,api_200
wmf,taken,api_200
wmg,taken,api_200
wmh,taken,api_200
wmi,taken,api_200
wmj,taken,api_200
wmk,taken,api_200
wml,taken,api_200
wmm,taken,api_200
wmn,taken,api_200
wmo,taken,api_200
wmp,taken,api_200
wmq,taken,api_200
wmr,taken,api_200
wms,taken,api_200
wmt,taken,api_200
wmu,taken,api_200
wmv,taken,api_200
wmw,taken,api_200
wmx,taken,api_200
wmy,taken,api_200
wmz,taken,api_200
wn0,taken,api_200
wn1,taken,api_200
wn2,taken,api_200
wn3,taken,api_200
wn4,taken,api_200
wn5,taken,api_200
wn6,taken,api_200
wn7,taken,api_200
wn8,taken,api_200
wn9,taken,api_200
wna,taken,api_200
wnb,taken,api_200
wnc,taken,api_200
wnd,taken,api_200
wne,taken,api_200
wnf,taken,api_200
wng,taken,api_200
wnh,taken,api_200
wni,taken,api_200
wnj,taken,api_200
wnk,taken,api_200
wnl,taken,api_200
wnm,taken,api_200
wnn,taken,api_200
wno,taken,api_200
wnp,taken,api_200
wnq,taken,api_200
wnr,taken,api_200
wns,taken,api_200
wnt,taken,api_200
wnu,taken,api_200
wnv,taken,api_200
wnw,taken,api_200
wnx,taken,api_200
wny,taken,api_200
wnz,taken,api_200
wo0,taken,api_200
wo1,taken,api_200
wo2,taken,api_200
wo3,taken,api_200
wo4,taken,api_200
wo5,taken,api_200
wo6,taken,api_200
wo7,taken,api_200
wo8,taken,api_200
wo9,taken,api_200
woa,taken,api_200
wob,taken,api_200
woc,taken,api_200
wod,taken,api_200
woe,taken,api_200
wof,taken,api_200
wog,taken,api_200
woh,taken,api_200
woi,taken,api_200
woj,taken,api_200
wok,taken,api_200
wol,taken,api_200
wom,taken,api_200
won,taken,api_200
woo,taken,api_200
wop,taken,api_200
woq,taken,api_200
wor,taken,api_200
wos,taken,api_200
wot,taken,api_200
wou,taken,api_200
wov,taken,api_200
wow,taken,api_200
wox,taken,api_200
woy,taken,api_200
woz,taken,api_200
wp0,taken,api_200
wp1,taken,api_200
wp2,taken,api_200
wp3,taken,api_200
wp4,taken,api_200
wp5,taken,api_200
wp6,available,api_404
wp7,taken,api_200
wp8,taken,api_200
wp9,taken,api_200
wpa,taken,api_200
wpb,taken,api_200
wpc,taken,api_200
wpd,taken,api_200
wpe,taken,api_200
wpf,taken,api_200
wpg,taken,api_200
wph,taken,api_200
wpi,taken,api_200
wpj,taken,api_200
wpk,taken,api_200
wpl,taken,api_200
wpm,taken,api_200
wpn,taken,api_200
wpo,taken,api_200
wpp,taken,api_200
wpq,taken,api_200
wpr,taken,api_200
wps,taken,api_200
wpt,taken,api_200
wpu,taken,api_200
wpv,taken,api_200
wpw,taken,api_200
wpx,taken,api_200
wpy,taken,api_200
wpz,taken,api_200
wq0,taken,api_200
wq1,taken,api_200
wq2,taken,api_200
wq3,taken,api_200
wq4,taken,api_200
wq5,taken,api_200
wq6,taken,api_200
wq7,taken,api_200
wq8,taken,api_200
wq9,taken,api_200
wqa,taken,api_200
wqb,taken,api_200
wqc,taken,api_200
wqd,taken,api_200
wqe,taken,api_200
wqf,taken,api_200
wqg,taken,api_200
wqh,taken,api_200
wqi,taken,api_200
wqj,taken,api_200
wqk,taken,api_200
wql,taken,api_200
wqm,taken,api_200
wqn,taken,api_200
wqo,taken,api_200
wqp,taken,api_200
wqq,taken,api_200
wqr,taken,api_200
wqs,taken,api_200
wqt,taken,api_200
wqu,taken,api_200
wqv,taken,api_200
wqw,taken,api_200
wqx,taken,api_200
wqy,taken,api_200
wqz,taken,api_200
wr0,taken,api_200
wr1,taken,api_200
wr2,taken,api_200
wr3,taken,api_200
wr4,taken,api_200
wr5,taken,api_200
wr6,taken,api_200
wr7,taken,api_200
wr8,taken,api_200
wr9,taken,api_200
wra,taken,api_200
wrb,taken,api_200
wrc,taken,api_200
wrd,taken,api_200
wre,taken,api_200
wrf,taken,api_200
wrg,taken,api_200
wrh,taken,api_200
wri,taken,api_200
wrj,taken,api_200
wrk,taken,api_200
wrl,taken,api_200
wrm,taken,api_200
wrn,taken,api_200
wro,taken,api_200
wrp,taken,api_200
wrq,taken,api_200
wrr,taken,api_200
wrs,taken,api_200
wrt,taken,api_200
wru,taken,api_200
wrv,taken,api_200
wrw,taken,api_200
wrx,taken,api_200
wry,taken,api_200
wrz,taken,api_200
ws0,taken,api_200
ws1,taken,api_200
ws2,taken,api_200
ws3,taken,api_200
ws4,taken,api_200
ws5,taken,api_200
ws6,taken,api_200
ws7,available,api_404
ws8,taken,api_200
ws9,taken,api_200
wsa,taken,api_200
wsb,taken,api_200
wsc,taken,api_200
wsd,taken,api_200
wse,taken,api_200
wsf,taken,api_200
wsg,taken,api_200
wsh,taken,api_200
wsi,unknown,web_406
wsj,unknown,web_406
wsk,unknown,web_406
wsl,unknown,web_406
wsm,unknown,web_406
wsn,unknown,web_406
wso,unknown,web_406
wsp,unknown,web_406
wsq,unknown,web_406
wsr,unknown,web_406
wss,unknown,web_406
wst,unknown,web_406
wsu,unknown,web_406
wsv,unknown,web_406
wsw,unknown,web_406
wsx,unknown,web_406
wsy,unknown,web_406
wsz,unknown,web_406
wt0,taken,api_200
wt1,taken,api_200
wt2,taken,api_200
wt3,taken,api_200
wt4,taken,api_200
wt5,taken,api_200
wt6,taken,api_200
wt7,taken,api_200
wt8,taken,api_200
wt9,taken,api_200
wta,taken,api_200
wtb,taken,api_200
wtc,taken,api_200
wtd,taken,api_200
wte,taken,api_200
wtf,taken,api_200
wtg,taken,api_200
wth,taken,api_200
wti,taken,api_200
wtj,taken,api_200
wtk,taken,api_200
wtl,taken,api_200
wtm,taken,api_200
wtn,taken,api_200
wto,taken,api_200
wtp,taken,api_200
wtq,taken,api_200
wtr,taken,api_200
wts,taken,api_200
wtt,taken,api_200
wtu,taken,api_200
wtv,taken,api_200
wtw,taken,api_200
wtx,taken,api_200
wty,taken,api_200
wtz,taken,api_200
wu0,taken,api_200
wu1,taken,api_200
wu2,taken,api_200
wu3,taken,api_200
wu4,taken,api_200
wu5,taken,api_200
wu6,taken,api_200
wu7,taken,api_200
wu8,taken,api_200
wu9,taken,api_200
wua,taken,api_200
wub,taken,api_200
wuc,taken,api_200
wud,taken,api_200
wue,taken,api_200
wuf,taken,api_200
wug,taken,api_200
wuh,taken,api_200
wui,taken,api_200
wuj,taken,api_200
wuk,taken,api_200
wul,taken,api_200
wum,taken,api_200
wun,taken,api_200
wuo,taken,api_200
wup,taken,api_200
wuq,taken,api_200
wur,taken,api_200
wus,taken,api_200
wut,taken,api_200
wuu,taken,api_200
wuv,taken,api_200
wuw,taken,api_200
wux,taken,api_200
wuy,taken,api_200
wuz,taken,api_200
wv0,taken,api_200
wv1,taken,api_200
wv2,taken,api_200
wv3,taken,api_200
wv4,taken,api_200
wv5,taken,api_200
wv6,taken,api_200
wv7,taken,api_200
wv8,available,api_404
wv9,taken,api_200
wva,taken,api_200
wvb,taken,api_200
wvc,taken,api_200
wvd,taken,api_200
wve,taken,api_200
wvf,taken,api_200
wvg,taken,api_200
wvh,taken,api_200
wvi,taken,api_200
wvj,taken,api_200
wvk,taken,api_200
wvl,taken,api_200
wvm,taken,api_200
wvn,taken,api_200
wvo,taken,api_200
wvp,taken,api_200
wvq,taken,api_200
wvr,taken,api_200
wvs,taken,api_200
wvt,taken,api_200
wvu,taken,api_200
wvv,taken,api_200
wvw,taken,api_200
wvx,taken,api_200
wvy,taken,api_200
wvz,taken,api_200
ww0,taken,api_200
ww1,taken,api_200
ww2,taken,api_200
ww3,taken,api_200
ww4,taken,api_200
ww5,taken,api_200
ww6,taken,api_200
ww7,taken,api_200
ww8,taken,api_200
ww9,taken,api_200
wwa,taken,api_200
wwb,taken,api_200
wwc,taken,api_200
wwd,taken,api_200
wwe,taken,api_200
wwf,taken,api_200
wwg,taken,api_200
wwh,taken,api_200
wwi,taken,api_200
wwj,taken,api_200
wwk,taken,api_200
wwl,taken,api_200
wwm,taken,api_200
wwn,taken,api_200
wwo,taken,api_200
wwp,taken,api_200
wwq,taken,api_200
wwr,taken,api_200
wws,taken,api_200
wwt,taken,api_200
wwu,taken,api_200
wwv,taken,api_200
www,taken,api_200
wwx,taken,api_200
wwy,taken,api_200
wwz,taken,api_200
wx0,taken,api_200
wx1,taken,api_200
wx2,taken,api_200
wx3,taken,api_200
wx4,taken,api_200
wx5,taken,api_200
wx6,taken,api_200
wx7,taken,api_200
wx8,taken,api_200
wx9,available,api_404
wxa,taken,api_200
wxb,taken,api_200
wxc,taken,api_200
wxd,taken,api_200
wxe,taken,api_200
wxf,taken,api_200
wxg,taken,api_200
wxh,taken,api_200
wxi,taken,api_200
wxj,taken,api_200
wxk,taken,api_200
wxl,taken,api_200
wxm,taken,api_200
wxn,taken,api_200
wxo,taken,api_200
wxp,taken,api_200
wxq,available,api_404
wxr,taken,api_200
wxs,taken,api_200
wxt,taken,api_200
wxu,taken,api_200
wxv,taken,api_200
wxw,taken,api_200
wxx,taken,api_200
wxy,taken,api_200
wxz,taken,api_200
wy0,taken,api_200
wy1,taken,api_200
wy2,taken,api_200
wy3,taken,api_200
wy4,available,api_404
wy5,taken,api_200
wy6,taken,api_200
wy7,taken,api_200
wy8,taken,api_200
wy9,taken,api_200
wya,taken,api_200
wyb,taken,api_200
wyc,taken,api_200
wyd,taken,api_200
wye,available,api_404
wyf,taken,api_200
wyg,taken,api_200
wyh,taken,api_200
wyi,taken,api_200
wyj,taken,api_200
wyk,taken,api_200
wyl,taken,api_200
wym,taken,api_200
wyn,taken,api_200
wyo,taken,api_200
wyp,available,api_404
wyq,taken,api_200
wyr,taken,api_200
wys,taken,api_200
wyt,taken,api_200
wyu,taken,api_200
wyv,taken,api_200
wyw,taken,api_200
wyx,taken,api_200
wyy,taken,api_200
wyz,taken,api_200
wz0,taken,api_200
wz1,taken,api_200
wz2,taken,api_200
wz3,taken,api_200
wz4,taken,api_200
wz5,available,api_404
wz6,available,api_404
wz7,taken,api_200
wz8,taken,api_200
wz9,taken,api_200
wza,taken,api_200
wzb,taken,api_200
wzc,taken,api_200
wzd,taken,api_200
wze,taken,api_200
wzf,taken,api_200
wzg,taken,api_200
wzh,taken,api_200
wzi,taken,api_200
wzj,taken,api_200
wzk,taken,api_200
wzl,taken,api_200
wzm,taken,api_200
wzn,taken,api_200
wzo,taken,api_200
wzp,taken,api_200
wzq,taken,api_200
wzr,taken,api_200
wzs,taken,api_200
wzt,taken,api_200
wzu,taken,api_200
wzv,taken,api_200
wzw,taken,api_200
wzx,taken,api_200
wzy,taken,api_200
wzz,taken,api_200
